dt,deg,trial
0.02485,4.8,0
0.11419,10.6,0
0.14314,13.900000000000002,0
0.17993,11.7,0
0.21531,11.5,0
0.24996,11.7,0
0.28561,11.5,0
0.32131,11.7,0
0.35636,11.5,0
0.39348,11.4,0
0.42882,11.7,0
0.46423,11.7,0
0.49981,11.5,0
0.53628,11.7,0
0.5717,11.7,0
0.60593,12.2,0
0.64322,11.7,0
0.67597,11.7,0
0.71296,11.5,0
0.02548,0.7999999999999998,1
0.11469,10.6,1
0.14518,10.5,1
0.18064,10.9,1
0.21626,10.9,1
0.25012,10.9,1
0.28564,11.0,1
0.3205,11.0,1
0.35616,11.0,1
0.38952,10.7,1
0.42494,10.9,1
0.46071,10.3,1
0.49442,10.9,1
0.52994,10.9,1
0.56463,10.9,1
0.60024,11.0,1
0.63494,10.9,1
0.67068,11.0,1
0.70627,11.0,1
0.0255,1.0,2
0.11387,10.4,2
0.14438,11.4,2
0.17795,11.5,2
0.21365,11.7,2
0.24946,11.8,2
0.28711,10.7,2
0.32342,11.8,2
0.35773,11.8,2
0.39327,11.8,2
0.42796,11.7,2
0.46388,11.7,2
0.49876,11.8,2
0.53521,11.8,2
0.57106,11.8,2
0.60677,11.8,2
0.64118,11.7,2
0.67555,11.8,2
0.71126,11.8,2
0.02542,0.2999999999999998,3
0.11614,10.5,3
0.14368,10.6,3
0.17992,11.0,3
0.21543,10.9,3
0.25047,10.9,3
0.28573,10.9,3
0.3213,10.9,3
0.35438,12.0,3
0.39145,11.0,3
0.42467,11.0,3
0.46102,11.4,3
0.49446,11.8,3
0.53029,11.8,3
0.56464,10.9,3
0.60094,11.0,3
0.63402,11.0,3
0.66964,11.0,3
0.70491,10.9,3
0.02546,1.0999999999999996,4
0.11583,10.7,4
0.14461,11.7,4
0.18112,11.8,4
0.21443,12.1,4
0.25221,11.8,4
0.28807,12.1,4
0.32437,13.0,4
0.35986,12.1,4
0.39532,12.1,4
0.42999,11.8,4
0.46557,12.2,4
0.50161,12.1,4
0.53559,12.1,4
0.57162,12.600000000000001,4
0.60498,12.1,4
0.64119,12.1,4
0.67638,11.5,4
0.71205,11.9,4
0.02535,-0.09999999999999964,5
0.11972,0.9000000000000004,5
0.14982,-0.09999999999999964,5
0.18536,-0.20000000000000018,5
0.22088,-0.09999999999999964,5
0.2554,-0.09999999999999964,5
0.29,-0.09999999999999964,5
0.32636,-0.09999999999999964,5
0.36124,-0.09999999999999964,5
0.39596,-0.09999999999999964,5
0.43107,-0.20000000000000018,5
0.46767,-0.09999999999999964,5
0.50464,-0.09999999999999964,5
0.54013,-0.20000000000000018,5
0.57489,-1.2999999999999998,5
0.61095,0.09999999999999964,5
0.6466,-0.20000000000000018,5
0.68284,-0.20000000000000018,5
0.71884,0.20000000000000018,5
0.02133,12.600000000000001,6
0.11028,9.5,6
0.13895,11.8,6
0.17475,11.5,6
0.20992,11.4,6
0.2446,13.099999999999998,6
0.28101,12.3,6
0.31794,12.2,6
0.35392,12.3,6
0.3898,13.4,6
0.42291,12.3,6
0.4588,12.2,6
0.4942,12.2,6
0.53056,12.2,6
0.56591,12.899999999999999,6
0.60146,12.3,6
0.63721,12.3,6
0.6712,12.3,6
0.70568,11.7,6
0.02498,-0.20000000000000018,7
0.11496,10.5,7
0.1436,10.6,7
0.18028,11.0,7
0.21592,11.0,7
0.25044,11.0,7
0.28558,10.9,7
0.32094,10.9,7
0.35616,10.9,7
0.39147,11.0,7
0.42831,11.0,7
0.46207,11.4,7
0.49788,11.0,7
0.53367,11.0,7
0.56927,10.9,7
0.60518,10.9,7
0.64044,10.9,7
0.6759,11.0,7
0.70907,10.9,7
0.02146,1.0999999999999996,8
0.11306,10.2,8
0.14093,11.8,8
0.17852,11.5,8
0.21216,11.8,8
0.2468,11.2,8
0.28412,11.8,8
0.31962,11.8,8
0.35441,11.8,8
0.39037,11.8,8
0.42605,11.8,8
0.46296,11.7,8
0.49931,11.8,8
0.53268,11.5,8
0.56982,12.2,8
0.60414,11.8,8
0.63893,11.8,8
0.67524,11.8,8
0.70995,11.8,8
0.02095,0.2999999999999998,9
0.11081,9.4,9
0.14024,10.6,9
0.17504,10.9,9
0.21005,10.9,9
0.24506,10.9,9
0.27946,10.9,9
0.31323,11.0,9
0.3483,10.9,9
0.38283,10.9,9
0.41909,10.9,9
0.45375,10.9,9
0.48928,11.0,9
0.52479,11.0,9
0.56046,10.9,9
0.59633,10.9,9
0.63006,10.9,9
0.66563,10.7,9
0.70116,11.0,9
0.02447,1.9000000000000004,10
0.11346,10.6,10
0.14393,11.5,10
0.18124,11.7,10
0.21496,11.9,10
0.25173,12.3,10
0.28576,11.9,10
0.32376,11.9,10
0.35889,11.9,10
0.3952,11.9,10
0.42993,11.9,10
0.46541,11.9,10
0.50102,11.9,10
0.53609,11.8,10
0.57245,11.9,10
0.6086,11.9,10
0.64365,11.7,10
0.67813,11.9,10
0.71602,12.899999999999999,10
0.02329,0.20000000000000018,11
0.11198,10.3,11
0.14236,10.3,11
0.17772,12.1,11
0.21351,10.9,11
0.24731,11.0,11
0.28253,10.9,11
0.31946,11.0,11
0.3527,10.6,11
0.38834,10.7,11
0.42395,11.0,11
0.46027,11.0,11
0.49299,11.0,11
0.52964,11.0,11
0.5629,11.4,11
0.59836,11.7,11
0.63372,11.4,11
0.66885,10.9,11
0.70422,11.6,11
0.02083,1.0,12
0.10962,10.4,12
0.14009,11.4,12
0.17557,11.5,12
0.21083,12.1,12
0.24507,11.9,12
0.28215,11.9,12
0.31663,11.9,12
0.35217,11.8,12
0.38644,12.3,12
0.42287,12.600000000000001,12
0.45834,11.9,12
0.49358,11.8,12
0.53039,11.5,12
0.56603,11.9,12
0.59998,11.9,12
0.6379,11.4,12
0.67288,11.4,12
0.70833,11.2,12
0.02517,0.09999999999999964,13
0.11587,12.1,13
0.14358,11.6,13
0.17973,11.6,13
0.21566,11.6,13
0.24849,11.6,13
0.28419,11.6,13
0.31979,11.6,13
0.35482,11.6,13
0.38976,11.6,13
0.42569,11.6,13
0.46107,11.6,13
0.49777,11.0,13
0.53296,10.7,13
0.56828,11.3,13
0.60386,11.6,13
0.63775,11.7,13
0.67463,11.8,13
0.70857,11.6,13
0.02131,0.2999999999999998,14
0.11094,11.5,14
0.13903,11.7,14
0.17646,11.7,14
0.21046,11.4,14
0.24552,12.2,14
0.28143,11.9,14
0.31765,12.1,14
0.3534,12.1,14
0.38966,11.9,14
0.42368,12.1,14
0.45964,12.1,14
0.49488,12.1,14
0.5306,12.1,14
0.56623,12.1,14
0.6018,11.4,14
0.63727,12.1,14
0.67259,11.8,14
0.70924,11.9,14
0.02063,-0.09999999999999964,15
0.11143,9.3,15
0.13925,8.4,15
0.17463,10.9,15
0.21094,11.0,15
0.2464,11.0,15
0.27939,11.1,15
0.31571,10.9,15
0.35084,11.0,15
0.38674,11.0,15
0.41954,11.3,15
0.45543,11.0,15
0.49166,11.0,15
0.52501,10.9,15
0.56056,11.0,15
0.59643,11.0,15
0.63176,11.4,15
0.6678,11.0,15
0.70022,11.0,15
0.02502,1.0999999999999996,16
0.11453,9.4,16
0.14321,12.3,16
0.17974,11.7,16
0.21624,11.8,16
0.25158,11.2,16
0.28477,11.8,16
0.32137,13.0,16
0.3554,11.9,16
0.39177,11.9,16
0.42669,11.9,16
0.4621,11.9,16
0.49628,11.9,16
0.53336,11.9,16
0.56773,11.9,16
0.60124,11.9,16
0.63687,11.9,16
0.67367,12.1,16
0.70954,11.9,16
0.02541,-0.5999999999999996,17
0.11606,10.3,17
0.14407,10.6,17
0.18146,11.0,17
0.21484,11.0,17
0.25063,11.1,17
0.28807,11.0,17
0.3224,10.9,17
0.35677,11.0,17
0.39207,10.9,17
0.42588,11.8,17
0.46151,10.9,17
0.49714,10.9,17
0.5329,10.9,17
0.5678,10.3,17
0.60332,11.0,17
0.63789,11.0,17
0.67308,10.9,17
0.70883,10.9,17
0.02529,1.0999999999999996,18
0.11565,10.4,18
0.14522,11.7,18
0.18083,11.5,18
0.2139,11.9,18
0.24948,12.2,18
0.28618,12.1,18
0.31996,12.1,18
0.35598,12.2,18
0.39079,11.2,18
0.42764,11.1,18
0.46242,12.1,18
0.49776,11.9,18
0.53293,12.2,18
0.57008,12.1,18
0.6062,12.2,18
0.64197,12.1,18
0.67591,13.0,18
0.71264,12.2,18
0.02574,-0.09999999999999964,19
0.11393,9.9,19
0.1447,10.6,19
0.18159,12.1,19
0.21474,12.0,19
0.25138,10.9,19
0.28648,10.9,19
0.322,10.9,19
0.35645,10.9,19
0.39155,10.9,19
0.42715,11.0,19
0.46116,11.0,19
0.49773,10.9,19
0.53098,11.0,19
0.56656,10.9,19
0.6009,10.9,19
0.63581,11.0,19
0.67138,10.9,19
0.70758,10.9,19
0.02173,1.0,20
0.11252,9.9,20
0.14177,11.8,20
0.17731,11.8,20
0.21302,11.7,20
0.25029,11.8,20
0.28589,11.8,20
0.31943,11.8,20
0.35503,11.7,20
0.39022,11.8,20
0.42682,11.7,20
0.46234,11.7,20
0.49815,11.8,20
0.5334,11.7,20
0.57066,11.8,20
0.60663,11.8,20
0.63925,11.8,20
0.67468,11.8,20
0.71101,11.7,20
0.02188,0.09999999999999964,21
0.112,10.3,21
0.14028,10.6,21
0.17591,10.7,21
0.21126,11.0,21
0.24705,10.6,21
0.2834,11.0,21
0.31826,11.1,21
0.35302,11.0,21
0.3881,11.1,21
0.4237,11.0,21
0.45937,11.0,21
0.49472,11.0,21
0.52794,11.1,21
0.56474,11.1,21
0.59773,11.0,21
0.63335,11.0,21
0.67027,11.3,21
0.70364,10.2,21
0.02544,0.7000000000000002,22
0.11645,10.6,22
0.14465,11.8,22
0.18022,11.8,22
0.21578,11.5,22
0.25189,11.5,22
0.28717,11.7,22
0.32235,11.7,22
0.35635,11.5,22
0.3937,11.7,22
0.42833,11.7,22
0.46277,11.7,22
0.49803,11.7,22
0.53292,11.5,22
0.56823,11.7,22
0.60513,11.5,22
0.64132,11.7,22
0.6762,11.7,22
0.71222,11.7,22
0.02374,0.5,23
0.11285,11.7,23
0.14146,12.5,23
0.17668,11.6,23
0.21255,11.4,23
0.24731,11.6,23
0.28296,11.6,23
0.31714,11.6,23
0.35272,11.6,23
0.38725,12.0,23
0.42346,11.6,23
0.45775,11.6,23
0.49322,11.6,23
0.5289,12.0,23
0.5618,11.4,23
0.59825,11.6,23
0.6316,11.8,23
0.66868,11.4,23
0.70351,11.0,23
